<?xml version="1.0" encoding="UTF-8"?>
<project-private xmlns="http://www.netbeans.org/ns/project-private/1">
    <editor-bookmarks xmlns="http://www.netbeans.org/ns/editor-bookmarks/2" lastBookmarkId="0"/>
    <open-files xmlns="http://www.netbeans.org/ns/projectui-open-files/2">
        <group>
            <file>file:/C:/Digital2/Lab04_I2C/Lab04_I2C_Slave2.X/main.c</file>
            <file>file:/C:/Digital2/Lab04_I2C/Lab04_I2C_Master.X/main.c</file>
            <file>file:/C:/Digital2/Lab04_I2C/Lab04_I2C_Slave1.X/main.c</file>
        </group>
    </open-files>
</project-private>
