<?xml version="1.0" encoding="ISO-8859-1" ?>
<link_info>
   <banner>TI ARM Linker PC v20.2.5.LTS</banner>
   <copyright>Copyright (c) 1996-2018 Texas Instruments Incorporated</copyright>
   <link_time>0x617c3b33</link_time>
   <link_errors>0x0</link_errors>
   <output_file>HolaMundo.out</output_file>
   <entry_point>
      <name>_c_int00_noinit_noargs</name>
      <address>0x55d</address>
   </entry_point>
   <input_file_list>
      <input_file id="fl-2">
         <path>.\</path>
         <kind>object</kind>
         <file>main.obj</file>
         <name>main.obj</name>
      </input_file>
      <input_file id="fl-3">
         <path>.\</path>
         <kind>object</kind>
         <file>tm4c123gh6pm_startup_ccs.obj</file>
         <name>tm4c123gh6pm_startup_ccs.obj</name>
      </input_file>
      <input_file id="fl-8">
         <kind>object</kind>
         <file>&lt;internal&gt;</file>
         <name>&lt;internal&gt;</name>
      </input_file>
      <input_file id="fl-9">
         <path>C:\ti\TivaWare_C_Series-2.1.4.178\driverlib\ccs\Debug\</path>
         <kind>archive</kind>
         <file>driverlib.lib</file>
         <name>gpio.obj</name>
      </input_file>
      <input_file id="fl-a">
         <path>C:\ti\TivaWare_C_Series-2.1.4.178\driverlib\ccs\Debug\</path>
         <kind>archive</kind>
         <file>driverlib.lib</file>
         <name>interrupt.obj</name>
      </input_file>
      <input_file id="fl-b">
         <path>C:\ti\TivaWare_C_Series-2.1.4.178\driverlib\ccs\Debug\</path>
         <kind>archive</kind>
         <file>driverlib.lib</file>
         <name>sysctl.obj</name>
      </input_file>
      <input_file id="fl-c">
         <path>C:\ti\TivaWare_C_Series-2.1.4.178\driverlib\ccs\Debug\</path>
         <kind>archive</kind>
         <file>driverlib.lib</file>
         <name>cpu.obj</name>
      </input_file>
      <input_file id="fl-c2">
         <path>C:\ti\ccs1100\ccs\tools\compiler\ti-cgt-arm_20.2.5.LTS\lib\</path>
         <kind>archive</kind>
         <file>rtsv7M4_T_le_v4SPD16_eabi.lib</file>
         <name>copy_zero_init.c.obj</name>
      </input_file>
      <input_file id="fl-c3">
         <path>C:\ti\ccs1100\ccs\tools\compiler\ti-cgt-arm_20.2.5.LTS\lib\</path>
         <kind>archive</kind>
         <file>rtsv7M4_T_le_v4SPD16_eabi.lib</file>
         <name>copy_decompress_none.c.obj</name>
      </input_file>
      <input_file id="fl-c4">
         <path>C:\ti\ccs1100\ccs\tools\compiler\ti-cgt-arm_20.2.5.LTS\lib\</path>
         <kind>archive</kind>
         <file>rtsv7M4_T_le_v4SPD16_eabi.lib</file>
         <name>copy_decompress_lzss.c.obj</name>
      </input_file>
      <input_file id="fl-c5">
         <path>C:\ti\ccs1100\ccs\tools\compiler\ti-cgt-arm_20.2.5.LTS\lib\</path>
         <kind>archive</kind>
         <file>rtsv7M4_T_le_v4SPD16_eabi.lib</file>
         <name>boot_cortex_m.c.obj</name>
      </input_file>
      <input_file id="fl-c6">
         <path>C:\ti\ccs1100\ccs\tools\compiler\ti-cgt-arm_20.2.5.LTS\lib\</path>
         <kind>archive</kind>
         <file>rtsv7M4_T_le_v4SPD16_eabi.lib</file>
         <name>memcpy_t2.asm.obj</name>
      </input_file>
      <input_file id="fl-c7">
         <path>C:\ti\ccs1100\ccs\tools\compiler\ti-cgt-arm_20.2.5.LTS\lib\</path>
         <kind>archive</kind>
         <file>rtsv7M4_T_le_v4SPD16_eabi.lib</file>
         <name>memset_t2.asm.obj</name>
      </input_file>
      <input_file id="fl-c8">
         <path>C:\ti\ccs1100\ccs\tools\compiler\ti-cgt-arm_20.2.5.LTS\lib\</path>
         <kind>archive</kind>
         <file>rtsv7M4_T_le_v4SPD16_eabi.lib</file>
         <name>autoinit.c.obj</name>
      </input_file>
      <input_file id="fl-c9">
         <path>C:\ti\ccs1100\ccs\tools\compiler\ti-cgt-arm_20.2.5.LTS\lib\</path>
         <kind>archive</kind>
         <file>rtsv7M4_T_le_v4SPD16_eabi.lib</file>
         <name>pre_init.c.obj</name>
      </input_file>
      <input_file id="fl-ca">
         <path>C:\ti\ccs1100\ccs\tools\compiler\ti-cgt-arm_20.2.5.LTS\lib\</path>
         <kind>archive</kind>
         <file>rtsv7M4_T_le_v4SPD16_eabi.lib</file>
         <name>cpy_tbl.c.obj</name>
      </input_file>
      <input_file id="fl-cb">
         <path>C:\ti\ccs1100\ccs\tools\compiler\ti-cgt-arm_20.2.5.LTS\lib\</path>
         <kind>archive</kind>
         <file>rtsv7M4_T_le_v4SPD16_eabi.lib</file>
         <name>exit.c.obj</name>
      </input_file>
      <input_file id="fl-cc">
         <path>C:\ti\ccs1100\ccs\tools\compiler\ti-cgt-arm_20.2.5.LTS\lib\</path>
         <kind>archive</kind>
         <file>rtsv7M4_T_le_v4SPD16_eabi.lib</file>
         <name>_lock.c.obj</name>
      </input_file>
      <input_file id="fl-cd">
         <path>C:\ti\ccs1100\ccs\tools\compiler\ti-cgt-arm_20.2.5.LTS\lib\</path>
         <kind>archive</kind>
         <file>rtsv7M4_T_le_v4SPD16_eabi.lib</file>
         <name>args_main.c.obj</name>
      </input_file>
   </input_file_list>
   <object_component_list>
      <object_component id="oc-12">
         <name>.intvecs</name>
         <load_address>0x0</load_address>
         <run_address>0x0</run_address>
         <size>0x26c</size>
         <input_file_ref idref="fl-3"/>
      </object_component>
      <object_component id="oc-125">
         <name>.text:GPIOPadConfigSet</name>
         <load_address>0x26c</load_address>
         <run_address>0x26c</run_address>
         <size>0x132</size>
         <input_file_ref idref="fl-9"/>
      </object_component>
      <object_component id="oc-c3">
         <name>.text:SysCtlClockSet</name>
         <load_address>0x3a0</load_address>
         <run_address>0x3a0</run_address>
         <size>0xf4</size>
         <input_file_ref idref="fl-b"/>
      </object_component>
      <object_component id="oc-9b">
         <name>.text</name>
         <load_address>0x494</load_address>
         <run_address>0x494</run_address>
         <size>0x94</size>
         <input_file_ref idref="fl-2"/>
      </object_component>
      <object_component id="oc-c9">
         <name>.text:SysCtlPeripheralEnable</name>
         <load_address>0x528</load_address>
         <run_address>0x528</run_address>
         <size>0x34</size>
         <input_file_ref idref="fl-b"/>
      </object_component>
      <object_component id="oc-53">
         <name>.text:_c_int00_noinit_noargs:_c_int00_noinit_noargs</name>
         <load_address>0x55c</load_address>
         <run_address>0x55c</run_address>
         <size>0x2c</size>
         <input_file_ref idref="fl-c5"/>
      </object_component>
      <object_component id="oc-12b">
         <name>.text:GPIODirModeSet</name>
         <load_address>0x588</load_address>
         <run_address>0x588</run_address>
         <size>0x2a</size>
         <input_file_ref idref="fl-9"/>
      </object_component>
      <object_component id="oc-cf">
         <name>.text:GPIOPinTypeGPIOOutput</name>
         <load_address>0x5b2</load_address>
         <run_address>0x5b2</run_address>
         <size>0x18</size>
         <input_file_ref idref="fl-9"/>
      </object_component>
      <object_component id="oc-27">
         <name>.text</name>
         <load_address>0x5ca</load_address>
         <run_address>0x5ca</run_address>
         <size>0xc</size>
         <input_file_ref idref="fl-3"/>
      </object_component>
      <object_component id="oc-d5">
         <name>.text:GPIOPinWrite</name>
         <load_address>0x5d6</load_address>
         <run_address>0x5d6</run_address>
         <size>0x6</size>
         <input_file_ref idref="fl-9"/>
      </object_component>
      <object_component id="oc-db">
         <name>.text:SysCtlDelay</name>
         <load_address>0x5dc</load_address>
         <run_address>0x5dc</run_address>
         <size>0x6</size>
         <input_file_ref idref="fl-b"/>
      </object_component>
      <object_component id="oc-95">
         <name>.text:_system_pre_init</name>
         <load_address>0x5e2</load_address>
         <run_address>0x5e2</run_address>
         <size>0x4</size>
         <input_file_ref idref="fl-c9"/>
      </object_component>
      <object_component id="oc-dd">
         <name>.text:abort:abort</name>
         <load_address>0x5e6</load_address>
         <run_address>0x5e6</run_address>
         <size>0x4</size>
         <input_file_ref idref="fl-cb"/>
      </object_component>
      <object_component id="oc-24">
         <name>.stack</name>
         <uninitialized>true</uninitialized>
         <run_address>0x20000000</run_address>
         <size>0x4</size>
         <input_file_ref idref="fl-c5"/>
      </object_component>
      <object_component id="oc-1bf">
         <name>.stack</name>
         <uninitialized>true</uninitialized>
         <run_address>0x20000000</run_address>
         <size>0x0</size>
      </object_component>
      <object_component id="oc-b2">
         <name>.debug_info</name>
         <load_address>0x0</load_address>
         <run_address>0x0</run_address>
         <size>0x352</size>
         <input_file_ref idref="fl-2"/>
      </object_component>
      <object_component id="oc-9c">
         <name>.debug_info</name>
         <load_address>0x352</load_address>
         <run_address>0x352</run_address>
         <size>0x1fc</size>
         <input_file_ref idref="fl-2"/>
      </object_component>
      <object_component id="oc-70">
         <name>.debug_info</name>
         <load_address>0x54e</load_address>
         <run_address>0x54e</run_address>
         <size>0x26b</size>
         <input_file_ref idref="fl-2"/>
      </object_component>
      <object_component id="oc-36">
         <name>.debug_info</name>
         <load_address>0x7b9</load_address>
         <run_address>0x7b9</run_address>
         <size>0x84</size>
         <input_file_ref idref="fl-2"/>
      </object_component>
      <object_component id="oc-ad">
         <name>.debug_info</name>
         <load_address>0x83d</load_address>
         <run_address>0x83d</run_address>
         <size>0x2a4</size>
         <input_file_ref idref="fl-2"/>
      </object_component>
      <object_component id="oc-75">
         <name>.debug_info</name>
         <load_address>0xae1</load_address>
         <run_address>0xae1</run_address>
         <size>0xbb</size>
         <input_file_ref idref="fl-2"/>
      </object_component>
      <object_component id="oc-2f">
         <name>.debug_info</name>
         <load_address>0xb9c</load_address>
         <run_address>0xb9c</run_address>
         <size>0x298</size>
         <input_file_ref idref="fl-3"/>
      </object_component>
      <object_component id="oc-13">
         <name>.debug_info</name>
         <load_address>0xe34</load_address>
         <run_address>0xe34</run_address>
         <size>0xd7</size>
         <input_file_ref idref="fl-3"/>
      </object_component>
      <object_component id="oc-2a">
         <name>.debug_info</name>
         <load_address>0xf0b</load_address>
         <run_address>0xf0b</run_address>
         <size>0x253</size>
         <input_file_ref idref="fl-3"/>
      </object_component>
      <object_component id="oc-132">
         <name>.debug_info</name>
         <load_address>0x115e</load_address>
         <run_address>0x115e</run_address>
         <size>0x240</size>
         <input_file_ref idref="fl-9"/>
      </object_component>
      <object_component id="oc-d6">
         <name>.debug_info</name>
         <load_address>0x139e</load_address>
         <run_address>0x139e</run_address>
         <size>0x2a3</size>
         <input_file_ref idref="fl-9"/>
      </object_component>
      <object_component id="oc-12c">
         <name>.debug_info</name>
         <load_address>0x1641</load_address>
         <run_address>0x1641</run_address>
         <size>0x2b3</size>
         <input_file_ref idref="fl-9"/>
      </object_component>
      <object_component id="oc-126">
         <name>.debug_info</name>
         <load_address>0x18f4</load_address>
         <run_address>0x18f4</run_address>
         <size>0x316</size>
         <input_file_ref idref="fl-9"/>
      </object_component>
      <object_component id="oc-d0">
         <name>.debug_info</name>
         <load_address>0x1c0a</load_address>
         <run_address>0x1c0a</run_address>
         <size>0x2b7</size>
         <input_file_ref idref="fl-9"/>
      </object_component>
      <object_component id="oc-154">
         <name>.debug_info</name>
         <load_address>0x1ec1</load_address>
         <run_address>0x1ec1</run_address>
         <size>0x8b</size>
         <input_file_ref idref="fl-9"/>
      </object_component>
      <object_component id="oc-11e">
         <name>.debug_info</name>
         <load_address>0x1f4c</load_address>
         <run_address>0x1f4c</run_address>
         <size>0x18b</size>
         <input_file_ref idref="fl-9"/>
      </object_component>
      <object_component id="oc-123">
         <name>.debug_info</name>
         <load_address>0x20d7</load_address>
         <run_address>0x20d7</run_address>
         <size>0x298</size>
         <input_file_ref idref="fl-b"/>
      </object_component>
      <object_component id="oc-cb">
         <name>.debug_info</name>
         <load_address>0x236f</load_address>
         <run_address>0x236f</run_address>
         <size>0x27d</size>
         <input_file_ref idref="fl-b"/>
      </object_component>
      <object_component id="oc-c4">
         <name>.debug_info</name>
         <load_address>0x25ec</load_address>
         <run_address>0x25ec</run_address>
         <size>0x2db</size>
         <input_file_ref idref="fl-b"/>
      </object_component>
      <object_component id="oc-15b">
         <name>.debug_info</name>
         <load_address>0x28c7</load_address>
         <run_address>0x28c7</run_address>
         <size>0x5f</size>
         <input_file_ref idref="fl-b"/>
      </object_component>
      <object_component id="oc-25">
         <name>.debug_info</name>
         <load_address>0x2926</load_address>
         <run_address>0x2926</run_address>
         <size>0x10b</size>
         <input_file_ref idref="fl-c5"/>
      </object_component>
      <object_component id="oc-55">
         <name>.debug_info</name>
         <load_address>0x2a31</load_address>
         <run_address>0x2a31</run_address>
         <size>0x1a2</size>
         <input_file_ref idref="fl-c5"/>
      </object_component>
      <object_component id="oc-96">
         <name>.debug_info</name>
         <load_address>0x2bd3</load_address>
         <run_address>0x2bd3</run_address>
         <size>0x153</size>
         <input_file_ref idref="fl-c9"/>
      </object_component>
      <object_component id="oc-df">
         <name>.debug_info</name>
         <load_address>0x2d26</load_address>
         <run_address>0x2d26</run_address>
         <size>0x122</size>
         <input_file_ref idref="fl-cb"/>
      </object_component>
      <object_component id="oc-1c0">
         <name>.debug_info</name>
         <load_address>0x2e48</load_address>
         <run_address>0x2e48</run_address>
         <size>0x8a</size>
      </object_component>
      <object_component id="oc-11c">
         <name>.debug_line</name>
         <load_address>0x0</load_address>
         <run_address>0x0</run_address>
         <size>0x8e</size>
         <input_file_ref idref="fl-2"/>
      </object_component>
      <object_component id="oc-a0">
         <name>.debug_line</name>
         <load_address>0x8e</load_address>
         <run_address>0x8e</run_address>
         <size>0x64</size>
         <input_file_ref idref="fl-2"/>
      </object_component>
      <object_component id="oc-73">
         <name>.debug_line</name>
         <load_address>0xf2</load_address>
         <run_address>0xf2</run_address>
         <size>0x6f</size>
         <input_file_ref idref="fl-2"/>
      </object_component>
      <object_component id="oc-39">
         <name>.debug_line</name>
         <load_address>0x161</load_address>
         <run_address>0x161</run_address>
         <size>0x20</size>
         <input_file_ref idref="fl-2"/>
      </object_component>
      <object_component id="oc-b0">
         <name>.debug_line</name>
         <load_address>0x181</load_address>
         <run_address>0x181</run_address>
         <size>0x73</size>
         <input_file_ref idref="fl-2"/>
      </object_component>
      <object_component id="oc-78">
         <name>.debug_line</name>
         <load_address>0x1f4</load_address>
         <run_address>0x1f4</run_address>
         <size>0x70</size>
         <input_file_ref idref="fl-2"/>
      </object_component>
      <object_component id="oc-6f">
         <name>.debug_line</name>
         <load_address>0x264</load_address>
         <run_address>0x264</run_address>
         <size>0x41</size>
         <input_file_ref idref="fl-3"/>
      </object_component>
      <object_component id="oc-2e">
         <name>.debug_line</name>
         <load_address>0x2a5</load_address>
         <run_address>0x2a5</run_address>
         <size>0x41</size>
         <input_file_ref idref="fl-3"/>
      </object_component>
      <object_component id="oc-29">
         <name>.debug_line</name>
         <load_address>0x2e6</load_address>
         <run_address>0x2e6</run_address>
         <size>0xa1</size>
         <input_file_ref idref="fl-3"/>
      </object_component>
      <object_component id="oc-163">
         <name>.debug_line</name>
         <load_address>0x387</load_address>
         <run_address>0x387</run_address>
         <size>0x82</size>
         <input_file_ref idref="fl-9"/>
      </object_component>
      <object_component id="oc-d9">
         <name>.debug_line</name>
         <load_address>0x409</load_address>
         <run_address>0x409</run_address>
         <size>0x92</size>
         <input_file_ref idref="fl-9"/>
      </object_component>
      <object_component id="oc-12f">
         <name>.debug_line</name>
         <load_address>0x49b</load_address>
         <run_address>0x49b</run_address>
         <size>0x95</size>
         <input_file_ref idref="fl-9"/>
      </object_component>
      <object_component id="oc-129">
         <name>.debug_line</name>
         <load_address>0x530</load_address>
         <run_address>0x530</run_address>
         <size>0xd1</size>
         <input_file_ref idref="fl-9"/>
      </object_component>
      <object_component id="oc-d3">
         <name>.debug_line</name>
         <load_address>0x601</load_address>
         <run_address>0x601</run_address>
         <size>0x99</size>
         <input_file_ref idref="fl-9"/>
      </object_component>
      <object_component id="oc-157">
         <name>.debug_line</name>
         <load_address>0x69a</load_address>
         <run_address>0x69a</run_address>
         <size>0x20</size>
         <input_file_ref idref="fl-9"/>
      </object_component>
      <object_component id="oc-121">
         <name>.debug_line</name>
         <load_address>0x6ba</load_address>
         <run_address>0x6ba</run_address>
         <size>0x69</size>
         <input_file_ref idref="fl-9"/>
      </object_component>
      <object_component id="oc-15a">
         <name>.debug_line</name>
         <load_address>0x723</load_address>
         <run_address>0x723</run_address>
         <size>0x13d</size>
         <input_file_ref idref="fl-b"/>
      </object_component>
      <object_component id="oc-ce">
         <name>.debug_line</name>
         <load_address>0x860</load_address>
         <run_address>0x860</run_address>
         <size>0x94</size>
         <input_file_ref idref="fl-b"/>
      </object_component>
      <object_component id="oc-c7">
         <name>.debug_line</name>
         <load_address>0x8f4</load_address>
         <run_address>0x8f4</run_address>
         <size>0xee</size>
         <input_file_ref idref="fl-b"/>
      </object_component>
      <object_component id="oc-15e">
         <name>.debug_line</name>
         <load_address>0x9e2</load_address>
         <run_address>0x9e2</run_address>
         <size>0x7f</size>
         <input_file_ref idref="fl-b"/>
      </object_component>
      <object_component id="oc-6c">
         <name>.debug_line</name>
         <load_address>0xa61</load_address>
         <run_address>0xa61</run_address>
         <size>0x33</size>
         <input_file_ref idref="fl-c5"/>
      </object_component>
      <object_component id="oc-54">
         <name>.debug_line</name>
         <load_address>0xa94</load_address>
         <run_address>0xa94</run_address>
         <size>0x48</size>
         <input_file_ref idref="fl-c5"/>
      </object_component>
      <object_component id="oc-9a">
         <name>.debug_line</name>
         <load_address>0xadc</load_address>
         <run_address>0xadc</run_address>
         <size>0x40</size>
         <input_file_ref idref="fl-c9"/>
      </object_component>
      <object_component id="oc-de">
         <name>.debug_line</name>
         <load_address>0xb1c</load_address>
         <run_address>0xb1c</run_address>
         <size>0x3c</size>
         <input_file_ref idref="fl-cb"/>
      </object_component>
      <object_component id="oc-9f">
         <name>.debug_frame</name>
         <load_address>0x0</load_address>
         <run_address>0x0</run_address>
         <size>0x58</size>
         <input_file_ref idref="fl-2"/>
      </object_component>
      <object_component id="oc-2c">
         <name>.debug_frame</name>
         <load_address>0x58</load_address>
         <run_address>0x58</run_address>
         <size>0x90</size>
         <input_file_ref idref="fl-3"/>
      </object_component>
      <object_component id="oc-da">
         <name>.debug_frame</name>
         <load_address>0x1e0</load_address>
         <run_address>0x1e0</run_address>
         <size>0x7f</size>
         <input_file_ref idref="fl-9"/>
      </object_component>
      <object_component id="oc-130">
         <name>.debug_frame</name>
         <load_address>0x25f</load_address>
         <run_address>0x25f</run_address>
         <size>0x7f</size>
         <input_file_ref idref="fl-9"/>
      </object_component>
      <object_component id="oc-12a">
         <name>.debug_frame</name>
         <load_address>0x2de</load_address>
         <run_address>0x2de</run_address>
         <size>0x8f</size>
         <input_file_ref idref="fl-9"/>
      </object_component>
      <object_component id="oc-d4">
         <name>.debug_frame</name>
         <load_address>0x36d</load_address>
         <run_address>0x36d</run_address>
         <size>0x8a</size>
         <input_file_ref idref="fl-9"/>
      </object_component>
      <object_component id="oc-ca">
         <name>.debug_frame</name>
         <load_address>0x3f7</load_address>
         <run_address>0x3f7</run_address>
         <size>0x7f</size>
         <input_file_ref idref="fl-b"/>
      </object_component>
      <object_component id="oc-c8">
         <name>.debug_frame</name>
         <load_address>0x476</load_address>
         <run_address>0x476</run_address>
         <size>0x93</size>
         <input_file_ref idref="fl-b"/>
      </object_component>
      <object_component id="oc-58">
         <name>.debug_frame</name>
         <load_address>0xe8</load_address>
         <run_address>0xe8</run_address>
         <size>0x50</size>
         <input_file_ref idref="fl-c5"/>
      </object_component>
      <object_component id="oc-99">
         <name>.debug_frame</name>
         <load_address>0x138</load_address>
         <run_address>0x138</run_address>
         <size>0x54</size>
         <input_file_ref idref="fl-c9"/>
      </object_component>
      <object_component id="oc-e2">
         <name>.debug_frame</name>
         <load_address>0x18c</load_address>
         <run_address>0x18c</run_address>
         <size>0x54</size>
         <input_file_ref idref="fl-cb"/>
      </object_component>
      <object_component id="oc-11b">
         <name>.debug_abbrev</name>
         <load_address>0x0</load_address>
         <run_address>0x0</run_address>
         <size>0x5a</size>
         <input_file_ref idref="fl-2"/>
      </object_component>
      <object_component id="oc-dc">
         <name>.debug_abbrev</name>
         <load_address>0x5a</load_address>
         <run_address>0x5a</run_address>
         <size>0x6d</size>
         <input_file_ref idref="fl-2"/>
      </object_component>
      <object_component id="oc-72">
         <name>.debug_abbrev</name>
         <load_address>0xc7</load_address>
         <run_address>0xc7</run_address>
         <size>0x69</size>
         <input_file_ref idref="fl-2"/>
      </object_component>
      <object_component id="oc-38">
         <name>.debug_abbrev</name>
         <load_address>0x130</load_address>
         <run_address>0x130</run_address>
         <size>0x1f</size>
         <input_file_ref idref="fl-2"/>
      </object_component>
      <object_component id="oc-af">
         <name>.debug_abbrev</name>
         <load_address>0x14f</load_address>
         <run_address>0x14f</run_address>
         <size>0x5c</size>
         <input_file_ref idref="fl-2"/>
      </object_component>
      <object_component id="oc-77">
         <name>.debug_abbrev</name>
         <load_address>0x1ab</load_address>
         <run_address>0x1ab</run_address>
         <size>0x24</size>
         <input_file_ref idref="fl-2"/>
      </object_component>
      <object_component id="oc-6e">
         <name>.debug_abbrev</name>
         <load_address>0x1cf</load_address>
         <run_address>0x1cf</run_address>
         <size>0x68</size>
         <input_file_ref idref="fl-3"/>
      </object_component>
      <object_component id="oc-2d">
         <name>.debug_abbrev</name>
         <load_address>0x237</load_address>
         <run_address>0x237</run_address>
         <size>0x29</size>
         <input_file_ref idref="fl-3"/>
      </object_component>
      <object_component id="oc-6d">
         <name>.debug_abbrev</name>
         <load_address>0x260</load_address>
         <run_address>0x260</run_address>
         <size>0x79</size>
         <input_file_ref idref="fl-3"/>
      </object_component>
      <object_component id="oc-162">
         <name>.debug_abbrev</name>
         <load_address>0x2d9</load_address>
         <run_address>0x2d9</run_address>
         <size>0x72</size>
         <input_file_ref idref="fl-9"/>
      </object_component>
      <object_component id="oc-133">
         <name>.debug_abbrev</name>
         <load_address>0x34b</load_address>
         <run_address>0x34b</run_address>
         <size>0x6c</size>
         <input_file_ref idref="fl-9"/>
      </object_component>
      <object_component id="oc-161">
         <name>.debug_abbrev</name>
         <load_address>0x3b7</load_address>
         <run_address>0x3b7</run_address>
         <size>0x6c</size>
         <input_file_ref idref="fl-9"/>
      </object_component>
      <object_component id="oc-160">
         <name>.debug_abbrev</name>
         <load_address>0x423</load_address>
         <run_address>0x423</run_address>
         <size>0x6c</size>
         <input_file_ref idref="fl-9"/>
      </object_component>
      <object_component id="oc-131">
         <name>.debug_abbrev</name>
         <load_address>0x48f</load_address>
         <run_address>0x48f</run_address>
         <size>0x7a</size>
         <input_file_ref idref="fl-9"/>
      </object_component>
      <object_component id="oc-156">
         <name>.debug_abbrev</name>
         <load_address>0x509</load_address>
         <run_address>0x509</run_address>
         <size>0x1f</size>
         <input_file_ref idref="fl-9"/>
      </object_component>
      <object_component id="oc-120">
         <name>.debug_abbrev</name>
         <load_address>0x528</load_address>
         <run_address>0x528</run_address>
         <size>0x35</size>
         <input_file_ref idref="fl-9"/>
      </object_component>
      <object_component id="oc-159">
         <name>.debug_abbrev</name>
         <load_address>0x55d</load_address>
         <run_address>0x55d</run_address>
         <size>0xb0</size>
         <input_file_ref idref="fl-b"/>
      </object_component>
      <object_component id="oc-124">
         <name>.debug_abbrev</name>
         <load_address>0x60d</load_address>
         <run_address>0x60d</run_address>
         <size>0x6c</size>
         <input_file_ref idref="fl-b"/>
      </object_component>
      <object_component id="oc-11d">
         <name>.debug_abbrev</name>
         <load_address>0x679</load_address>
         <run_address>0x679</run_address>
         <size>0x7a</size>
         <input_file_ref idref="fl-b"/>
      </object_component>
      <object_component id="oc-15d">
         <name>.debug_abbrev</name>
         <load_address>0x6f3</load_address>
         <run_address>0x6f3</run_address>
         <size>0x49</size>
         <input_file_ref idref="fl-b"/>
      </object_component>
      <object_component id="oc-6b">
         <name>.debug_abbrev</name>
         <load_address>0x73c</load_address>
         <run_address>0x73c</run_address>
         <size>0x29</size>
         <input_file_ref idref="fl-c5"/>
      </object_component>
      <object_component id="oc-a2">
         <name>.debug_abbrev</name>
         <load_address>0x765</load_address>
         <run_address>0x765</run_address>
         <size>0x55</size>
         <input_file_ref idref="fl-c5"/>
      </object_component>
      <object_component id="oc-c2">
         <name>.debug_abbrev</name>
         <load_address>0x7ba</load_address>
         <run_address>0x7ba</run_address>
         <size>0x55</size>
         <input_file_ref idref="fl-c9"/>
      </object_component>
      <object_component id="oc-134">
         <name>.debug_abbrev</name>
         <load_address>0x80f</load_address>
         <run_address>0x80f</run_address>
         <size>0x45</size>
         <input_file_ref idref="fl-cb"/>
      </object_component>
      <object_component id="oc-1c1">
         <name>.debug_abbrev</name>
         <load_address>0x854</load_address>
         <run_address>0x854</run_address>
         <size>0xf</size>
      </object_component>
      <object_component id="oc-74">
         <name>.debug_str</name>
         <load_address>0x0</load_address>
         <run_address>0x0</run_address>
         <size>0x29b</size>
         <input_file_ref idref="fl-2"/>
      </object_component>
      <object_component id="oc-3a">
         <name>.debug_str</name>
         <load_address>0x29b</load_address>
         <run_address>0x29b</run_address>
         <size>0xfd</size>
         <input_file_ref idref="fl-2"/>
      </object_component>
      <object_component id="oc-b1">
         <name>.debug_str</name>
         <load_address>0x398</load_address>
         <run_address>0x398</run_address>
         <size>0x331</size>
         <input_file_ref idref="fl-2"/>
      </object_component>
      <object_component id="oc-79">
         <name>.debug_str</name>
         <load_address>0x6c9</load_address>
         <run_address>0x6c9</run_address>
         <size>0x133</size>
         <input_file_ref idref="fl-2"/>
      </object_component>
      <object_component id="oc-158">
         <name>.debug_str</name>
         <load_address>0x7fc</load_address>
         <run_address>0x7fc</run_address>
         <size>0xf5</size>
         <input_file_ref idref="fl-9"/>
      </object_component>
      <object_component id="oc-122">
         <name>.debug_str</name>
         <load_address>0x8f1</load_address>
         <run_address>0x8f1</run_address>
         <size>0x241</size>
         <input_file_ref idref="fl-9"/>
      </object_component>
      <object_component id="oc-15f">
         <name>.debug_str</name>
         <load_address>0xb32</load_address>
         <run_address>0xb32</run_address>
         <size>0x141</size>
         <input_file_ref idref="fl-b"/>
      </object_component>
      <object_component id="oc-9d">
         <name>.debug_aranges</name>
         <load_address>0x0</load_address>
         <run_address>0x0</run_address>
         <size>0x20</size>
         <input_file_ref idref="fl-2"/>
      </object_component>
      <object_component id="oc-28">
         <name>.debug_aranges</name>
         <load_address>0x20</load_address>
         <run_address>0x20</run_address>
         <size>0x38</size>
         <input_file_ref idref="fl-3"/>
      </object_component>
      <object_component id="oc-d7">
         <name>.debug_aranges</name>
         <load_address>0x58</load_address>
         <run_address>0x58</run_address>
         <size>0x20</size>
         <input_file_ref idref="fl-9"/>
      </object_component>
      <object_component id="oc-12d">
         <name>.debug_aranges</name>
         <load_address>0x78</load_address>
         <run_address>0x78</run_address>
         <size>0x20</size>
         <input_file_ref idref="fl-9"/>
      </object_component>
      <object_component id="oc-127">
         <name>.debug_aranges</name>
         <load_address>0x98</load_address>
         <run_address>0x98</run_address>
         <size>0x20</size>
         <input_file_ref idref="fl-9"/>
      </object_component>
      <object_component id="oc-d1">
         <name>.debug_aranges</name>
         <load_address>0xb8</load_address>
         <run_address>0xb8</run_address>
         <size>0x20</size>
         <input_file_ref idref="fl-9"/>
      </object_component>
      <object_component id="oc-cc">
         <name>.debug_aranges</name>
         <load_address>0xd8</load_address>
         <run_address>0xd8</run_address>
         <size>0x20</size>
         <input_file_ref idref="fl-b"/>
      </object_component>
      <object_component id="oc-c5">
         <name>.debug_aranges</name>
         <load_address>0xf8</load_address>
         <run_address>0xf8</run_address>
         <size>0x20</size>
         <input_file_ref idref="fl-b"/>
      </object_component>
      <object_component id="oc-57">
         <name>.debug_aranges</name>
         <load_address>0x118</load_address>
         <run_address>0x118</run_address>
         <size>0x20</size>
         <input_file_ref idref="fl-c5"/>
      </object_component>
      <object_component id="oc-98">
         <name>.debug_aranges</name>
         <load_address>0x138</load_address>
         <run_address>0x138</run_address>
         <size>0x20</size>
         <input_file_ref idref="fl-c9"/>
      </object_component>
      <object_component id="oc-e1">
         <name>.debug_aranges</name>
         <load_address>0x158</load_address>
         <run_address>0x158</run_address>
         <size>0x20</size>
         <input_file_ref idref="fl-cb"/>
      </object_component>
      <object_component id="oc-9e">
         <name>.debug_pubnames</name>
         <load_address>0x0</load_address>
         <run_address>0x0</run_address>
         <size>0x1b</size>
         <input_file_ref idref="fl-2"/>
      </object_component>
      <object_component id="oc-14">
         <name>.debug_pubnames</name>
         <load_address>0x1b</load_address>
         <run_address>0x1b</run_address>
         <size>0x23</size>
         <input_file_ref idref="fl-3"/>
      </object_component>
      <object_component id="oc-2b">
         <name>.debug_pubnames</name>
         <load_address>0x3e</load_address>
         <run_address>0x3e</run_address>
         <size>0x4c</size>
         <input_file_ref idref="fl-3"/>
      </object_component>
      <object_component id="oc-d8">
         <name>.debug_pubnames</name>
         <load_address>0x8a</load_address>
         <run_address>0x8a</run_address>
         <size>0x23</size>
         <input_file_ref idref="fl-9"/>
      </object_component>
      <object_component id="oc-12e">
         <name>.debug_pubnames</name>
         <load_address>0xad</load_address>
         <run_address>0xad</run_address>
         <size>0x25</size>
         <input_file_ref idref="fl-9"/>
      </object_component>
      <object_component id="oc-128">
         <name>.debug_pubnames</name>
         <load_address>0xd2</load_address>
         <run_address>0xd2</run_address>
         <size>0x27</size>
         <input_file_ref idref="fl-9"/>
      </object_component>
      <object_component id="oc-d2">
         <name>.debug_pubnames</name>
         <load_address>0xf9</load_address>
         <run_address>0xf9</run_address>
         <size>0x2c</size>
         <input_file_ref idref="fl-9"/>
      </object_component>
      <object_component id="oc-cd">
         <name>.debug_pubnames</name>
         <load_address>0x125</load_address>
         <run_address>0x125</run_address>
         <size>0x2d</size>
         <input_file_ref idref="fl-b"/>
      </object_component>
      <object_component id="oc-c6">
         <name>.debug_pubnames</name>
         <load_address>0x152</load_address>
         <run_address>0x152</run_address>
         <size>0x25</size>
         <input_file_ref idref="fl-b"/>
      </object_component>
      <object_component id="oc-26">
         <name>.debug_pubnames</name>
         <load_address>0x177</load_address>
         <run_address>0x177</run_address>
         <size>0x1e</size>
         <input_file_ref idref="fl-c5"/>
      </object_component>
      <object_component id="oc-56">
         <name>.debug_pubnames</name>
         <load_address>0x195</load_address>
         <run_address>0x195</run_address>
         <size>0x2d</size>
         <input_file_ref idref="fl-c5"/>
      </object_component>
      <object_component id="oc-97">
         <name>.debug_pubnames</name>
         <load_address>0x1c2</load_address>
         <run_address>0x1c2</run_address>
         <size>0x27</size>
         <input_file_ref idref="fl-c9"/>
      </object_component>
      <object_component id="oc-e0">
         <name>.debug_pubnames</name>
         <load_address>0x1e9</load_address>
         <run_address>0x1e9</run_address>
         <size>0x1c</size>
         <input_file_ref idref="fl-cb"/>
      </object_component>
      <object_component id="oc-71">
         <name>.debug_pubtypes</name>
         <load_address>0x0</load_address>
         <run_address>0x0</run_address>
         <size>0x25c</size>
         <input_file_ref idref="fl-2"/>
      </object_component>
      <object_component id="oc-37">
         <name>.debug_pubtypes</name>
         <load_address>0x25c</load_address>
         <run_address>0x25c</run_address>
         <size>0xed</size>
         <input_file_ref idref="fl-2"/>
      </object_component>
      <object_component id="oc-ae">
         <name>.debug_pubtypes</name>
         <load_address>0x349</load_address>
         <run_address>0x349</run_address>
         <size>0x330</size>
         <input_file_ref idref="fl-2"/>
      </object_component>
      <object_component id="oc-76">
         <name>.debug_pubtypes</name>
         <load_address>0x679</load_address>
         <run_address>0x679</run_address>
         <size>0xaa</size>
         <input_file_ref idref="fl-2"/>
      </object_component>
      <object_component id="oc-155">
         <name>.debug_pubtypes</name>
         <load_address>0x723</load_address>
         <run_address>0x723</run_address>
         <size>0xff</size>
         <input_file_ref idref="fl-9"/>
      </object_component>
      <object_component id="oc-11f">
         <name>.debug_pubtypes</name>
         <load_address>0x822</load_address>
         <run_address>0x822</run_address>
         <size>0x1c6</size>
         <input_file_ref idref="fl-9"/>
      </object_component>
      <object_component id="oc-15c">
         <name>.debug_pubtypes</name>
         <load_address>0x9e8</load_address>
         <run_address>0x9e8</run_address>
         <size>0x28</size>
         <input_file_ref idref="fl-b"/>
      </object_component>
   </object_component_list>
   <logical_group_list>
      <logical_group id="lg-3" display="no" color="cyan">
         <name>.intvecs</name>
         <load_address>0x0</load_address>
         <run_address>0x0</run_address>
         <size>0x26c</size>
         <contents>
            <object_component_ref idref="oc-12"/>
         </contents>
      </logical_group>
      <logical_group id="lg-4" display="no" color="cyan">
         <name>.text</name>
         <load_address>0x26c</load_address>
         <run_address>0x26c</run_address>
         <size>0x37e</size>
         <contents>
            <object_component_ref idref="oc-125"/>
            <object_component_ref idref="oc-c3"/>
            <object_component_ref idref="oc-9b"/>
            <object_component_ref idref="oc-c9"/>
            <object_component_ref idref="oc-53"/>
            <object_component_ref idref="oc-12b"/>
            <object_component_ref idref="oc-cf"/>
            <object_component_ref idref="oc-27"/>
            <object_component_ref idref="oc-d5"/>
            <object_component_ref idref="oc-db"/>
            <object_component_ref idref="oc-95"/>
            <object_component_ref idref="oc-dd"/>
         </contents>
      </logical_group>
      <logical_group id="lg-5" display="no" color="cyan">
         <name>.const</name>
         <run_address>0x0</run_address>
         <size>0x0</size>
         <contents>
         </contents>
      </logical_group>
      <logical_group id="lg-6" display="no" color="cyan">
         <name>.cinit</name>
         <run_address>0x0</run_address>
         <size>0x0</size>
         <contents>
         </contents>
      </logical_group>
      <logical_group id="lg-7" display="no" color="cyan">
         <name>.pinit</name>
         <run_address>0x0</run_address>
         <size>0x0</size>
         <contents>
         </contents>
      </logical_group>
      <logical_group id="lg-8" display="no" color="cyan">
         <name>.init_array</name>
         <run_address>0x0</run_address>
         <size>0x0</size>
         <contents>
         </contents>
      </logical_group>
      <logical_group id="lg-9" display="no" color="cyan">
         <name>.vtable</name>
         <run_address>0x0</run_address>
         <size>0x0</size>
         <contents>
         </contents>
      </logical_group>
      <logical_group id="lg-a" display="no" color="cyan">
         <name>.data</name>
         <run_address>0x0</run_address>
         <size>0x0</size>
         <contents>
         </contents>
      </logical_group>
      <logical_group id="lg-b" display="no" color="cyan">
         <name>.bss</name>
         <run_address>0x0</run_address>
         <size>0x0</size>
         <contents>
         </contents>
      </logical_group>
      <logical_group id="lg-c" display="no" color="cyan">
         <name>.sysmem</name>
         <run_address>0x0</run_address>
         <size>0x0</size>
         <contents>
         </contents>
      </logical_group>
      <logical_group id="lg-d" display="no" color="cyan">
         <name>.stack</name>
         <run_address>0x20000000</run_address>
         <size>0x200</size>
         <contents>
            <object_component_ref idref="oc-24"/>
            <object_component_ref idref="oc-1bf"/>
         </contents>
      </logical_group>
      <logical_group id="lg-194" display="no" color="cyan">
         <name>.TI.noinit</name>
         <run_address>0x0</run_address>
         <size>0x0</size>
         <contents>
         </contents>
      </logical_group>
      <logical_group id="lg-195" display="no" color="cyan">
         <name>.TI.persistent</name>
         <run_address>0x0</run_address>
         <size>0x0</size>
         <contents>
         </contents>
      </logical_group>
      <logical_group id="lg-196" display="no" color="cyan">
         <name>__llvm_prf_cnts</name>
         <run_address>0x20000000</run_address>
         <size>0x0</size>
         <contents>
         </contents>
      </logical_group>
      <logical_group id="lg-1a5" display="never" color="cyan">
         <name>.debug_info</name>
         <load_address>0x0</load_address>
         <run_address>0x0</run_address>
         <size>0x2ed2</size>
         <contents>
            <object_component_ref idref="oc-b2"/>
            <object_component_ref idref="oc-9c"/>
            <object_component_ref idref="oc-70"/>
            <object_component_ref idref="oc-36"/>
            <object_component_ref idref="oc-ad"/>
            <object_component_ref idref="oc-75"/>
            <object_component_ref idref="oc-2f"/>
            <object_component_ref idref="oc-13"/>
            <object_component_ref idref="oc-2a"/>
            <object_component_ref idref="oc-132"/>
            <object_component_ref idref="oc-d6"/>
            <object_component_ref idref="oc-12c"/>
            <object_component_ref idref="oc-126"/>
            <object_component_ref idref="oc-d0"/>
            <object_component_ref idref="oc-154"/>
            <object_component_ref idref="oc-11e"/>
            <object_component_ref idref="oc-123"/>
            <object_component_ref idref="oc-cb"/>
            <object_component_ref idref="oc-c4"/>
            <object_component_ref idref="oc-15b"/>
            <object_component_ref idref="oc-25"/>
            <object_component_ref idref="oc-55"/>
            <object_component_ref idref="oc-96"/>
            <object_component_ref idref="oc-df"/>
            <object_component_ref idref="oc-1c0"/>
         </contents>
      </logical_group>
      <logical_group id="lg-1a7" display="never" color="cyan">
         <name>.debug_line</name>
         <load_address>0x0</load_address>
         <run_address>0x0</run_address>
         <size>0xb58</size>
         <contents>
            <object_component_ref idref="oc-11c"/>
            <object_component_ref idref="oc-a0"/>
            <object_component_ref idref="oc-73"/>
            <object_component_ref idref="oc-39"/>
            <object_component_ref idref="oc-b0"/>
            <object_component_ref idref="oc-78"/>
            <object_component_ref idref="oc-6f"/>
            <object_component_ref idref="oc-2e"/>
            <object_component_ref idref="oc-29"/>
            <object_component_ref idref="oc-163"/>
            <object_component_ref idref="oc-d9"/>
            <object_component_ref idref="oc-12f"/>
            <object_component_ref idref="oc-129"/>
            <object_component_ref idref="oc-d3"/>
            <object_component_ref idref="oc-157"/>
            <object_component_ref idref="oc-121"/>
            <object_component_ref idref="oc-15a"/>
            <object_component_ref idref="oc-ce"/>
            <object_component_ref idref="oc-c7"/>
            <object_component_ref idref="oc-15e"/>
            <object_component_ref idref="oc-6c"/>
            <object_component_ref idref="oc-54"/>
            <object_component_ref idref="oc-9a"/>
            <object_component_ref idref="oc-de"/>
         </contents>
      </logical_group>
      <logical_group id="lg-1a9" display="never" color="cyan">
         <name>.debug_frame</name>
         <load_address>0x0</load_address>
         <run_address>0x0</run_address>
         <size>0x509</size>
         <contents>
            <object_component_ref idref="oc-9f"/>
            <object_component_ref idref="oc-2c"/>
            <object_component_ref idref="oc-da"/>
            <object_component_ref idref="oc-130"/>
            <object_component_ref idref="oc-12a"/>
            <object_component_ref idref="oc-d4"/>
            <object_component_ref idref="oc-ca"/>
            <object_component_ref idref="oc-c8"/>
            <object_component_ref idref="oc-58"/>
            <object_component_ref idref="oc-99"/>
            <object_component_ref idref="oc-e2"/>
         </contents>
      </logical_group>
      <logical_group id="lg-1ab" display="never" color="cyan">
         <name>.debug_abbrev</name>
         <load_address>0x0</load_address>
         <run_address>0x0</run_address>
         <size>0x863</size>
         <contents>
            <object_component_ref idref="oc-11b"/>
            <object_component_ref idref="oc-dc"/>
            <object_component_ref idref="oc-72"/>
            <object_component_ref idref="oc-38"/>
            <object_component_ref idref="oc-af"/>
            <object_component_ref idref="oc-77"/>
            <object_component_ref idref="oc-6e"/>
            <object_component_ref idref="oc-2d"/>
            <object_component_ref idref="oc-6d"/>
            <object_component_ref idref="oc-162"/>
            <object_component_ref idref="oc-133"/>
            <object_component_ref idref="oc-161"/>
            <object_component_ref idref="oc-160"/>
            <object_component_ref idref="oc-131"/>
            <object_component_ref idref="oc-156"/>
            <object_component_ref idref="oc-120"/>
            <object_component_ref idref="oc-159"/>
            <object_component_ref idref="oc-124"/>
            <object_component_ref idref="oc-11d"/>
            <object_component_ref idref="oc-15d"/>
            <object_component_ref idref="oc-6b"/>
            <object_component_ref idref="oc-a2"/>
            <object_component_ref idref="oc-c2"/>
            <object_component_ref idref="oc-134"/>
            <object_component_ref idref="oc-1c1"/>
         </contents>
      </logical_group>
      <logical_group id="lg-1ad" display="never" color="cyan">
         <name>.debug_str</name>
         <load_address>0x0</load_address>
         <run_address>0x0</run_address>
         <size>0xc73</size>
         <contents>
            <object_component_ref idref="oc-74"/>
            <object_component_ref idref="oc-3a"/>
            <object_component_ref idref="oc-b1"/>
            <object_component_ref idref="oc-79"/>
            <object_component_ref idref="oc-158"/>
            <object_component_ref idref="oc-122"/>
            <object_component_ref idref="oc-15f"/>
         </contents>
      </logical_group>
      <logical_group id="lg-1af" display="never" color="cyan">
         <name>.debug_aranges</name>
         <load_address>0x0</load_address>
         <run_address>0x0</run_address>
         <size>0x178</size>
         <contents>
            <object_component_ref idref="oc-9d"/>
            <object_component_ref idref="oc-28"/>
            <object_component_ref idref="oc-d7"/>
            <object_component_ref idref="oc-12d"/>
            <object_component_ref idref="oc-127"/>
            <object_component_ref idref="oc-d1"/>
            <object_component_ref idref="oc-cc"/>
            <object_component_ref idref="oc-c5"/>
            <object_component_ref idref="oc-57"/>
            <object_component_ref idref="oc-98"/>
            <object_component_ref idref="oc-e1"/>
         </contents>
      </logical_group>
      <logical_group id="lg-1b1" display="never" color="cyan">
         <name>.debug_pubnames</name>
         <load_address>0x0</load_address>
         <run_address>0x0</run_address>
         <size>0x205</size>
         <contents>
            <object_component_ref idref="oc-9e"/>
            <object_component_ref idref="oc-14"/>
            <object_component_ref idref="oc-2b"/>
            <object_component_ref idref="oc-d8"/>
            <object_component_ref idref="oc-12e"/>
            <object_component_ref idref="oc-128"/>
            <object_component_ref idref="oc-d2"/>
            <object_component_ref idref="oc-cd"/>
            <object_component_ref idref="oc-c6"/>
            <object_component_ref idref="oc-26"/>
            <object_component_ref idref="oc-56"/>
            <object_component_ref idref="oc-97"/>
            <object_component_ref idref="oc-e0"/>
         </contents>
      </logical_group>
      <logical_group id="lg-1b3" display="never" color="cyan">
         <name>.debug_pubtypes</name>
         <load_address>0x0</load_address>
         <run_address>0x0</run_address>
         <size>0xa10</size>
         <contents>
            <object_component_ref idref="oc-71"/>
            <object_component_ref idref="oc-37"/>
            <object_component_ref idref="oc-ae"/>
            <object_component_ref idref="oc-76"/>
            <object_component_ref idref="oc-155"/>
            <object_component_ref idref="oc-11f"/>
            <object_component_ref idref="oc-15c"/>
         </contents>
      </logical_group>
      <logical_group id="lg-1be" display="no" color="cyan">
         <name>Veneer$$CMSE</name>
         <run_address>0x0</run_address>
         <size>0x0</size>
         <contents>
         </contents>
      </logical_group>
      <load_segment id="lg-1c3" display="no" color="cyan">
         <name>SEGMENT_0</name>
         <load_address>0x0</load_address>
         <run_address>0x0</run_address>
         <size>0x5ea</size>
         <flags>0x5</flags>
         <contents>
            <logical_group_ref idref="lg-3"/>
            <logical_group_ref idref="lg-4"/>
         </contents>
      </load_segment>
      <load_segment id="lg-1c4" display="no" color="cyan">
         <name>SEGMENT_1</name>
         <run_address>0x20000000</run_address>
         <size>0x200</size>
         <flags>0x6</flags>
         <contents>
            <logical_group_ref idref="lg-d"/>
         </contents>
      </load_segment>
   </logical_group_list>
   <placement_map>
      <memory_area display="yes" color="green">
         <name>FLASH</name>
         <page_id>0x0</page_id>
         <origin>0x0</origin>
         <length>0x40000</length>
         <used_space>0x5ea</used_space>
         <unused_space>0x3fa16</unused_space>
         <attributes>RX</attributes>
         <usage_details>
            <allocated_space>
               <start_address>0x0</start_address>
               <size>0x26c</size>
               <logical_group_ref idref="lg-3"/>
            </allocated_space>
            <allocated_space>
               <start_address>0x26c</start_address>
               <size>0x37e</size>
               <logical_group_ref idref="lg-4"/>
            </allocated_space>
            <available_space>
               <start_address>0x5ea</start_address>
               <size>0x3fa16</size>
            </available_space>
         </usage_details>
      </memory_area>
      <memory_area display="yes" color="green">
         <name>SRAM</name>
         <page_id>0x0</page_id>
         <origin>0x20000000</origin>
         <length>0x8000</length>
         <used_space>0x200</used_space>
         <unused_space>0x7e00</unused_space>
         <attributes>RWX</attributes>
         <usage_details>
            <allocated_space>
               <start_address>0x20000000</start_address>
               <size>0x0</size>
               <logical_group_ref idref="lg-196"/>
            </allocated_space>
            <allocated_space>
               <start_address>0x20000000</start_address>
               <size>0x200</size>
               <logical_group_ref idref="lg-d"/>
            </allocated_space>
            <available_space>
               <start_address>0x20000200</start_address>
               <size>0x7e00</size>
            </available_space>
         </usage_details>
      </memory_area>
   </placement_map>
   <symbol_table>
      <symbol id="sm-1">
         <name>__STACK_TOP</name>
         <value>0x20000200</value>
      </symbol>
      <symbol id="sm-2">
         <name>__start___llvm_prf_cnts</name>
         <value>0x20000000</value>
      </symbol>
      <symbol id="sm-3">
         <name>__stop___llvm_prf_cnts</name>
         <value>0x20000000</value>
      </symbol>
      <symbol id="sm-4">
         <name>binit</name>
         <value>0xffffffff</value>
      </symbol>
      <symbol id="sm-5">
         <name>__binit__</name>
         <value>0xffffffff</value>
      </symbol>
      <symbol id="sm-6">
         <name>__STACK_SIZE</name>
         <value>0x200</value>
      </symbol>
      <symbol id="sm-7">
         <name>__STACK_END</name>
         <value>0x20000200</value>
      </symbol>
      <symbol id="sm-8">
         <name>__c_args__</name>
         <value>0xffffffff</value>
      </symbol>
      <symbol id="sm-9">
         <name>__TI_pprof_out_hndl</name>
         <value>0xffffffff</value>
      </symbol>
      <symbol id="sm-a">
         <name>__TI_prof_data_start</name>
         <value>0xffffffff</value>
      </symbol>
      <symbol id="sm-b">
         <name>__TI_prof_data_size</name>
         <value>0xffffffff</value>
      </symbol>
      <symbol id="sm-c">
         <name>__TI_static_base__</name>
         <value>0x0</value>
      </symbol>
      <symbol id="sm-4c">
         <name>main</name>
         <value>0x495</value>
         <object_component_ref idref="oc-9b"/>
      </symbol>
      <symbol id="sm-68">
         <name>ResetISR</name>
         <value>0x5cb</value>
         <object_component_ref idref="oc-27"/>
      </symbol>
      <symbol id="sm-69">
         <name>g_pfnVectors</name>
         <value>0x0</value>
         <object_component_ref idref="oc-12"/>
      </symbol>
      <symbol id="sm-9b">
         <name>GPIOPinTypeGPIOOutput</name>
         <value>0x5b3</value>
         <object_component_ref idref="oc-cf"/>
      </symbol>
      <symbol id="sm-9c">
         <name>GPIODirModeSet</name>
         <value>0x589</value>
         <object_component_ref idref="oc-12b"/>
      </symbol>
      <symbol id="sm-9d">
         <name>GPIOPinWrite</name>
         <value>0x5d7</value>
         <object_component_ref idref="oc-d5"/>
      </symbol>
      <symbol id="sm-9e">
         <name>GPIOPadConfigSet</name>
         <value>0x26d</value>
         <object_component_ref idref="oc-125"/>
      </symbol>
      <symbol id="sm-cb">
         <name>SysCtlClockSet</name>
         <value>0x3a1</value>
         <object_component_ref idref="oc-c3"/>
      </symbol>
      <symbol id="sm-cc">
         <name>SysCtlDelay</name>
         <value>0x5dd</value>
         <object_component_ref idref="oc-db"/>
      </symbol>
      <symbol id="sm-cd">
         <name>SysCtlPeripheralEnable</name>
         <value>0x529</value>
         <object_component_ref idref="oc-c9"/>
      </symbol>
      <symbol id="sm-e3">
         <name>_c_int00_noinit_noargs</name>
         <value>0x55d</value>
         <object_component_ref idref="oc-53"/>
      </symbol>
      <symbol id="sm-e4">
         <name>__stack</name>
         <value>0x20000000</value>
         <object_component_ref idref="oc-24"/>
      </symbol>
      <symbol id="sm-f1">
         <name>_system_pre_init</name>
         <value>0x5e3</value>
         <object_component_ref idref="oc-95"/>
      </symbol>
      <symbol id="sm-fd">
         <name>C$$EXIT</name>
         <value>0x5e7</value>
         <object_component_ref idref="oc-dd"/>
      </symbol>
      <symbol id="sm-fe">
         <name>abort</name>
         <value>0x5e7</value>
         <object_component_ref idref="oc-dd"/>
      </symbol>
      <symbol id="sm-101">
         <name>__mpu_init</name>
         <value>0x0</value>
      </symbol>
   </symbol_table>
   <title>Link successful</title>
</link_info>
