<?xml version="1.0" encoding="UTF-8"?>
<project-private xmlns="http://www.netbeans.org/ns/project-private/1">
    <editor-bookmarks xmlns="http://www.netbeans.org/ns/editor-bookmarks/2" lastBookmarkId="0"/>
    <open-files xmlns="http://www.netbeans.org/ns/projectui-open-files/2">
        <group>
            <file>file:/C:/Digital2/Lab03_SPI_UART/Lab03_SPI_UART_Slave.X/Digital2_toolbox.c</file>
            <file>file:/C:/Digital2/Lab03_SPI_UART/Lab03_SPI_UART_Slave.X/mian.c</file>
            <file>file:/C:/Digital2/Lab03_SPI_UART/Lab03_SPI_UART_Slave.X/Digital2_toolbox.h</file>
        </group>
    </open-files>
</project-private>
